Valid,ValueLoss,PolicyLoss,TotalStepsPerEpisode,ObjectLoss,ObjectEntropy,Loss,TemplateLoss,EntropyLoss,StepsPerSecond,Value,Advantage,PolicyTemplateLoss,TemplateEntropy,PolicyObjLoss,Step
0.0,0.004392268136143684,-0.1420709490776062,4.5,0.09258028119802475,0.00936552055645734,1.1393887996673584,0.28864195942878723,-0.0009775765938684344,2.189724805893974,0.03706638002768159,-0.02181548997759819,-0.17966180481016636,0.023220869479700923,-0.07280652783811092,8
