PolicyLoss,Loss,TotalStepsPerEpisode,Valid,Advantage,TemplateEntropy,StepsPerSecond,Value,ValueLoss,EntropyLoss,PolicyObjLoss,PolicyTemplateLoss,ObjectEntropy,Step,TemplateLoss,ObjectLoss,ClippedGradNorm,EpisodeScore,UnclippedGradNorm
0.16189438104629517,5.477356433868408,4.5,0.125,0.0182744562625885,0.023222047137096524,0.6149925834909407,-0.04315583501011133,0.004518270492553711,-0.0009776181541383266,0.08489305432885885,0.20717996824532747,0.009365154197439551,8,0.28625088930130005,0.09113787114620209,,,
-0.5412591099739075,-3.751694440841675,6.640625,0.0,-0.0651264414191246,0.023217295296490192,0.5863332688917903,0.13522590696811676,0.04545220360159874,-0.0009774317732080817,-0.27854718267917633,-0.6477423496544361,0.009363749762997031,16,0.27585798501968384,0.08232392370700836,20.473754108068533,0.0,20.473754108068533
